Workbook

Sheet Demanda
A1: Mes | B1: SKU-A101 | C1: SKU-B202 | D1: SKU-C303 | E1: SKU-D404 | F1: SKU-E505
A2: 1 | B2: 520 | C2: 180 | D2: 410 | E2: 1000 | F2: 310
A3: 2 | B3: 535 | C3: 175 | D3: 450 | E3: 1020 | F3: 325
A4: 3 | B4: 548 | C4: 190 | D4: 380 | E4: 1045 | F4: 340
A5: 4 | B5: 560 | C5: 185 | D5: 500 | E5: 1060 | F5: 332
A6: 5 | B6: 575 | C6: 178 | D6: 420 | E6: 1080 | F6: 348
A7: 6 | B7: 590 | C7: 192 | D7: 530 | E7: 1100 | F7: 360
A8: 7 | B8: 605 | C8: 170 | D8: 390 | E8: 1125 | F8: 355
A9: 8 | B9: 618 | C9: 188 | D9: 560 | E9: 1140 | F9: 370
A10: 9 | B10: 632 | C10: 182 | D10: 430 | E10: 1160 | F10: 365
A11: 10 | B11: 645 | C11: 195 | D11: 580 | E11: 1180 | F11: 380
A12: 11 | B12: 660 | C12: 172 | D12: 410 | E12: 1200 | F12: 375
A13: 12 | B13: 675 | C13: 190 | D13: 600 | E13: 1220 | F13: 390

Sheet Pronosticos
A1: Mes | B1: A101_Real | C1: A101_Pron | D1: B202_Real | E1: B202_Pron | F1: C303_Real | G1: C303_Pron | H1: D404_Real | I1: D404_Pron | J1: E505_Real | K1: E505_Pron | L1: A101_Tend | M1: B202_Tend | N1: C303_Tend | O1: D404_Tend | P1: E505_Tend
A2: 1 | B2: =TblDemanda[[#This Row],[SKU-A101]] -> 520 | C2: =_xlfn.FORECAST.LINEAR(A2,TblDemanda[SKU-A101],TblDemanda[Mes]) -> 519.74359 | D2: =TblDemanda[[#This Row],[SKU-B202]] -> 180 | E2: =_xlfn.FORECAST.LINEAR(A2,TblDemanda[SKU-B202],TblDemanda[Mes]) -> 180.94872 | F2: =TblDemanda[[#This Row],[SKU-C303]] -> 410 | G2: =_xlfn.FORECAST.LINEAR(A2,TblDemanda[SKU-C303],TblDemanda[Mes]) -> 412.82051 | H2: =TblDemanda[[#This Row],[SKU-D404]] -> 1000 | I2: =_xlfn.FORECAST.LINEAR(A2,TblDemanda[SKU-D404],TblDemanda[Mes]) -> 1001.4103 | J2: =TblDemanda[[#This Row],[SKU-E505]] -> 310 | K2: =_xlfn.FORECAST.LINEAR(A2,TblDemanda[SKU-E505],TblDemanda[Mes]) -> 318.85897 | L2: {=TREND(Demanda!$B$2:$B$13, Demanda!$A$2:$A$13, $A$2:$A$13)} -> 519.74359 | M2: {=TREND(Demanda!$C$2:$C$13, Demanda!$A$2:$A$13, $A$2:$A$13)} -> 180.94872 | N2: {=TREND(Demanda!$D$2:$D$13, Demanda!$A$2:$A$13, $A$2:$A$13)} -> 412.82051 | O2: {=TREND(Demanda!$E$2:$E$13, Demanda!$A$2:$A$13, $A$2:$A$13)} -> 1001.4103 | P2: {=TREND(Demanda!$F$2:$F$13, Demanda!$A$2:$A$13, $A$2:$A$13)} -> 318.85897
A3: 2 | B3: =TblDemanda[[#This Row],[SKU-A101]] -> 535 | C3: =_xlfn.FORECAST.LINEAR(A3,TblDemanda[SKU-A101],TblDemanda[Mes]) -> 533.77506 | D3: =TblDemanda[[#This Row],[SKU-B202]] -> 175 | E3: =_xlfn.FORECAST.LINEAR(A3,TblDemanda[SKU-B202],TblDemanda[Mes]) -> 181.33683 | F3: =TblDemanda[[#This Row],[SKU-C303]] -> 450 | G3: =_xlfn.FORECAST.LINEAR(A3,TblDemanda[SKU-C303],TblDemanda[Mes]) -> 423.51981 | H3: =TblDemanda[[#This Row],[SKU-D404]] -> 1020 | I3: =_xlfn.FORECAST.LINEAR(A3,TblDemanda[SKU-D404],TblDemanda[Mes]) -> 1021.3054 | J3: =TblDemanda[[#This Row],[SKU-E505]] -> 325 | K3: =_xlfn.FORECAST.LINEAR(A3,TblDemanda[SKU-E505],TblDemanda[Mes]) -> 325.27855 | L3: 533.77506 | M3: 181.33683 | N3: 423.51981 | O3: 1021.3054 | P3: 325.27855
A4: 3 | B4: =TblDemanda[[#This Row],[SKU-A101]] -> 548 | C4: =_xlfn.FORECAST.LINEAR(A4,TblDemanda[SKU-A101],TblDemanda[Mes]) -> 547.80653 | D4: =TblDemanda[[#This Row],[SKU-B202]] -> 190 | E4: =_xlfn.FORECAST.LINEAR(A4,TblDemanda[SKU-B202],TblDemanda[Mes]) -> 181.72494 | F4: =TblDemanda[[#This Row],[SKU-C303]] -> 380 | G4: =_xlfn.FORECAST.LINEAR(A4,TblDemanda[SKU-C303],TblDemanda[Mes]) -> 434.21911 | H4: =TblDemanda[[#This Row],[SKU-D404]] -> 1045 | I4: =_xlfn.FORECAST.LINEAR(A4,TblDemanda[SKU-D404],TblDemanda[Mes]) -> 1041.2005 | J4: =TblDemanda[[#This Row],[SKU-E505]] -> 340 | K4: =_xlfn.FORECAST.LINEAR(A4,TblDemanda[SKU-E505],TblDemanda[Mes]) -> 331.69814 | L4: 547.80653 | M4: 181.72494 | N4: 434.21911 | O4: 1041.2005 | P4: 331.69814
A5: 4 | B5: =TblDemanda[[#This Row],[SKU-A101]] -> 560 | C5: =_xlfn.FORECAST.LINEAR(A5,TblDemanda[SKU-A101],TblDemanda[Mes]) -> 561.838 | D5: =TblDemanda[[#This Row],[SKU-B202]] -> 185 | E5: =_xlfn.FORECAST.LINEAR(A5,TblDemanda[SKU-B202],TblDemanda[Mes]) -> 182.11305 | F5: =TblDemanda[[#This Row],[SKU-C303]] -> 500 | G5: =_xlfn.FORECAST.LINEAR(A5,TblDemanda[SKU-C303],TblDemanda[Mes]) -> 444.91841 | H5: =TblDemanda[[#This Row],[SKU-D404]] -> 1060 | I5: =_xlfn.FORECAST.LINEAR(A5,TblDemanda[SKU-D404],TblDemanda[Mes]) -> 1061.0956 | J5: =TblDemanda[[#This Row],[SKU-E505]] -> 332 | K5: =_xlfn.FORECAST.LINEAR(A5,TblDemanda[SKU-E505],TblDemanda[Mes]) -> 338.11772 | L5: 561.838 | M5: 182.11305 | N5: 444.91841 | O5: 1061.0956 | P5: 338.11772
A6: 5 | B6: =TblDemanda[[#This Row],[SKU-A101]] -> 575 | C6: =_xlfn.FORECAST.LINEAR(A6,TblDemanda[SKU-A101],TblDemanda[Mes]) -> 575.86946 | D6: =TblDemanda[[#This Row],[SKU-B202]] -> 178 | E6: =_xlfn.FORECAST.LINEAR(A6,TblDemanda[SKU-B202],TblDemanda[Mes]) -> 182.50117 | F6: =TblDemanda[[#This Row],[SKU-C303]] -> 420 | G6: =_xlfn.FORECAST.LINEAR(A6,TblDemanda[SKU-C303],TblDemanda[Mes]) -> 455.61772 | H6: =TblDemanda[[#This Row],[SKU-D404]] -> 1080 | I6: =_xlfn.FORECAST.LINEAR(A6,TblDemanda[SKU-D404],TblDemanda[Mes]) -> 1080.9907 | J6: =TblDemanda[[#This Row],[SKU-E505]] -> 348 | K6: =_xlfn.FORECAST.LINEAR(A6,TblDemanda[SKU-E505],TblDemanda[Mes]) -> 344.5373 | L6: 575.86946 | M6: 182.50117 | N6: 455.61772 | O6: 1080.9907 | P6: 344.5373
A7: 6 | B7: =TblDemanda[[#This Row],[SKU-A101]] -> 590 | C7: =_xlfn.FORECAST.LINEAR(A7,TblDemanda[SKU-A101],TblDemanda[Mes]) -> 589.90093 | D7: =TblDemanda[[#This Row],[SKU-B202]] -> 192 | E7: =_xlfn.FORECAST.LINEAR(A7,TblDemanda[SKU-B202],TblDemanda[Mes]) -> 182.88928 | F7: =TblDemanda[[#This Row],[SKU-C303]] -> 530 | G7: =_xlfn.FORECAST.LINEAR(A7,TblDemanda[SKU-C303],TblDemanda[Mes]) -> 466.31702 | H7: =TblDemanda[[#This Row],[SKU-D404]] -> 1100 | I7: =_xlfn.FORECAST.LINEAR(A7,TblDemanda[SKU-D404],TblDemanda[Mes]) -> 1100.8858 | J7: =TblDemanda[[#This Row],[SKU-E505]] -> 360 | K7: =_xlfn.FORECAST.LINEAR(A7,TblDemanda[SKU-E505],TblDemanda[Mes]) -> 350.95688 | L7: 589.90093 | M7: 182.88928 | N7: 466.31702 | O7: 1100.8858 | P7: 350.95688
A8: 7 | B8: =TblDemanda[[#This Row],[SKU-A101]] -> 605 | C8: =_xlfn.FORECAST.LINEAR(A8,TblDemanda[SKU-A101],TblDemanda[Mes]) -> 603.9324 | D8: =TblDemanda[[#This Row],[SKU-B202]] -> 170 | E8: =_xlfn.FORECAST.LINEAR(A8,TblDemanda[SKU-B202],TblDemanda[Mes]) -> 183.27739 | F8: =TblDemanda[[#This Row],[SKU-C303]] -> 390 | G8: =_xlfn.FORECAST.LINEAR(A8,TblDemanda[SKU-C303],TblDemanda[Mes]) -> 477.01632 | H8: =TblDemanda[[#This Row],[SKU-D404]] -> 1125 | I8: =_xlfn.FORECAST.LINEAR(A8,TblDemanda[SKU-D404],TblDemanda[Mes]) -> 1120.7809 | J8: =TblDemanda[[#This Row],[SKU-E505]] -> 355 | K8: =_xlfn.FORECAST.LINEAR(A8,TblDemanda[SKU-E505],TblDemanda[Mes]) -> 357.37646 | L8: 603.9324 | M8: 183.27739 | N8: 477.01632 | O8: 1120.7809 | P8: 357.37646
A9: 8 | B9: =TblDemanda[[#This Row],[SKU-A101]] -> 618 | C9: =_xlfn.FORECAST.LINEAR(A9,TblDemanda[SKU-A101],TblDemanda[Mes]) -> 617.96387 | D9: =TblDemanda[[#This Row],[SKU-B202]] -> 188 | E9: =_xlfn.FORECAST.LINEAR(A9,TblDemanda[SKU-B202],TblDemanda[Mes]) -> 183.6655 | F9: =TblDemanda[[#This Row],[SKU-C303]] -> 560 | G9: =_xlfn.FORECAST.LINEAR(A9,TblDemanda[SKU-C303],TblDemanda[Mes]) -> 487.71562 | H9: =TblDemanda[[#This Row],[SKU-D404]] -> 1140 | I9: =_xlfn.FORECAST.LINEAR(A9,TblDemanda[SKU-D404],TblDemanda[Mes]) -> 1140.676 | J9: =TblDemanda[[#This Row],[SKU-E505]] -> 370 | K9: =_xlfn.FORECAST.LINEAR(A9,TblDemanda[SKU-E505],TblDemanda[Mes]) -> 363.79604 | L9: 617.96387 | M9: 183.6655 | N9: 487.71562 | O9: 1140.676 | P9: 363.79604
A10: 9 | B10: =TblDemanda[[#This Row],[SKU-A101]] -> 632 | C10: =_xlfn.FORECAST.LINEAR(A10,TblDemanda[SKU-A101],TblDemanda[Mes]) -> 631.99534 | D10: =TblDemanda[[#This Row],[SKU-B202]] -> 182 | E10: =_xlfn.FORECAST.LINEAR(A10,TblDemanda[SKU-B202],TblDemanda[Mes]) -> 184.05361 | F10: =TblDemanda[[#This Row],[SKU-C303]] -> 430 | G10: =_xlfn.FORECAST.LINEAR(A10,TblDemanda[SKU-C303],TblDemanda[Mes]) -> 498.41492 | H10: =TblDemanda[[#This Row],[SKU-D404]] -> 1160 | I10: =_xlfn.FORECAST.LINEAR(A10,TblDemanda[SKU-D404],TblDemanda[Mes]) -> 1160.5711 | J10: =TblDemanda[[#This Row],[SKU-E505]] -> 365 | K10: =_xlfn.FORECAST.LINEAR(A10,TblDemanda[SKU-E505],TblDemanda[Mes]) -> 370.21562 | L10: 631.99534 | M10: 184.05361 | N10: 498.41492 | O10: 1160.5711 | P10: 370.21562
A11: 10 | B11: =TblDemanda[[#This Row],[SKU-A101]] -> 645 | C11: =_xlfn.FORECAST.LINEAR(A11,TblDemanda[SKU-A101],TblDemanda[Mes]) -> 646.02681 | D11: =TblDemanda[[#This Row],[SKU-B202]] -> 195 | E11: =_xlfn.FORECAST.LINEAR(A11,TblDemanda[SKU-B202],TblDemanda[Mes]) -> 184.44172 | F11: =TblDemanda[[#This Row],[SKU-C303]] -> 580 | G11: =_xlfn.FORECAST.LINEAR(A11,TblDemanda[SKU-C303],TblDemanda[Mes]) -> 509.11422 | H11: =TblDemanda[[#This Row],[SKU-D404]] -> 1180 | I11: =_xlfn.FORECAST.LINEAR(A11,TblDemanda[SKU-D404],TblDemanda[Mes]) -> 1180.4662 | J11: =TblDemanda[[#This Row],[SKU-E505]] -> 380 | K11: =_xlfn.FORECAST.LINEAR(A11,TblDemanda[SKU-E505],TblDemanda[Mes]) -> 376.6352 | L11: 646.02681 | M11: 184.44172 | N11: 509.11422 | O11: 1180.4662 | P11: 376.6352
A12: 11 | B12: =TblDemanda[[#This Row],[SKU-A101]] -> 660 | C12: =_xlfn.FORECAST.LINEAR(A12,TblDemanda[SKU-A101],TblDemanda[Mes]) -> 660.05828 | D12: =TblDemanda[[#This Row],[SKU-B202]] -> 172 | E12: =_xlfn.FORECAST.LINEAR(A12,TblDemanda[SKU-B202],TblDemanda[Mes]) -> 184.82984 | F12: =TblDemanda[[#This Row],[SKU-C303]] -> 410 | G12: =_xlfn.FORECAST.LINEAR(A12,TblDemanda[SKU-C303],TblDemanda[Mes]) -> 519.81352 | H12: =TblDemanda[[#This Row],[SKU-D404]] -> 1200 | I12: =_xlfn.FORECAST.LINEAR(A12,TblDemanda[SKU-D404],TblDemanda[Mes]) -> 1200.3613 | J12: =TblDemanda[[#This Row],[SKU-E505]] -> 375 | K12: =_xlfn.FORECAST.LINEAR(A12,TblDemanda[SKU-E505],TblDemanda[Mes]) -> 383.05478 | L12: 660.05828 | M12: 184.82984 | N12: 519.81352 | O12: 1200.3613 | P12: 383.05478
A13: 12 | B13: =TblDemanda[[#This Row],[SKU-A101]] -> 675 | C13: =_xlfn.FORECAST.LINEAR(A13,TblDemanda[SKU-A101],TblDemanda[Mes]) -> 674.08974 | D13: =TblDemanda[[#This Row],[SKU-B202]] -> 190 | E13: =_xlfn.FORECAST.LINEAR(A13,TblDemanda[SKU-B202],TblDemanda[Mes]) -> 185.21795 | F13: =TblDemanda[[#This Row],[SKU-C303]] -> 600 | G13: =_xlfn.FORECAST.LINEAR(A13,TblDemanda[SKU-C303],TblDemanda[Mes]) -> 530.51282 | H13: =TblDemanda[[#This Row],[SKU-D404]] -> 1220 | I13: =_xlfn.FORECAST.LINEAR(A13,TblDemanda[SKU-D404],TblDemanda[Mes]) -> 1220.2564 | J13: =TblDemanda[[#This Row],[SKU-E505]] -> 390 | K13: =_xlfn.FORECAST.LINEAR(A13,TblDemanda[SKU-E505],TblDemanda[Mes]) -> 389.47436 | L13: 674.08974 | M13: 185.21795 | N13: 530.51282 | O13: 1220.2564 | P13: 389.47436
C14: 180.94872
C15: 181.33683
C16: 181.72494
C17: 182.11305
C18: 182.50117
C19: 182.88928
C20: 183.27739
C21: 183.6655
C22: 184.05361
C23: 184.44172
C24: 184.82984
C25: 185.21795
... C61: 389.47436

Sheet Errores
A1: Mes | B1: SKU | C1: Real | D1: Pronóstico | E1: Error_Abs | F1: Error_Pct_Abs
A2: 1 | B2: SKU-A101 | C2: 520 | D2: 519.74359 | E2: =ABS(C2 - D2) -> 0.25641026 | F2: =ABS(C2 - D2) / C2 -> 0.00049309665
A3: 2 | B3: SKU-A101 | C3: 535 | D3: 533.77506 | E3: =ABS(C3 - D3) -> 1.2249417 | F3: =ABS(C3 - D3) / C3 -> 0.0022896107
A4: 3 | B4: SKU-A101 | C4: 548 | D4: 547.80653 | E4: =ABS(C4 - D4) -> 0.19347319 | F4: =ABS(C4 - D4) / C4 -> 0.00035305327
A5: 4 | B5: SKU-A101 | C5: 560 | D5: 561.838 | E5: =ABS(C5 - D5) -> 1.8379953 | F5: =ABS(C5 - D5) / C5 -> 0.0032821345
A6: 5 | B6: SKU-A101 | C6: 575 | D6: 575.86946 | E6: =ABS(C6 - D6) -> 0.86946387 | F6: =ABS(C6 - D6) / C6 -> 0.0015121111
A7: 6 | B7: SKU-A101 | C7: 590 | D7: 589.90093 | E7: =ABS(C7 - D7) -> 0.099067599 | F7: =ABS(C7 - D7) / C7 -> 0.00016791118
A8: 7 | B8: SKU-A101 | C8: 605 | D8: 603.9324 | E8: =ABS(C8 - D8) -> 1.0675991 | F8: =ABS(C8 - D8) / C8 -> 0.0017646266
A9: 8 | B9: SKU-A101 | C9: 618 | D9: 617.96387 | E9: =ABS(C9 - D9) -> 0.036130536 | F9: =ABS(C9 - D9) / C9 -> 5.8463651e-05
A10: 9 | B10: SKU-A101 | C10: 632 | D10: 631.99534 | E10: =ABS(C10 - D10) -> 0.0046620047 | F10: =ABS(C10 - D10) / C10 -> 7.3765897e-06
A11: 10 | B11: SKU-A101 | C11: 645 | D11: 646.02681 | E11: =ABS(C11 - D11) -> 1.0268065 | F11: =ABS(C11 - D11) / C11 -> 0.0015919481
A12: 11 | B12: SKU-A101 | C12: 660 | D12: 660.05828 | E12: =ABS(C12 - D12) -> 0.058275058 | F12: =ABS(C12 - D12) / C12 -> 8.8295543e-05
A13: 12 | B13: SKU-A101 | C13: 675 | D13: 674.08974 | E13: =ABS(C13 - D13) -> 0.91025641 | F13: =ABS(C13 - D13) / C13 -> 0.001348528
... A61: 12 | B61: SKU-E505 | C61: 390 | D61: 389.47436 | E61: =ABS(C61 - D61) -> 0.52564103 | F61: =ABS(C61 - D61) / C61 -> 0.0013477975

Sheet Resumen
A1: SKU | B1: MAE | C1: MAPE | D1: Clasificación
A2: SKU-A101 | B2: =AVERAGE(Errores!E2:E13) -> 0.63209013 | C2: =AVERAGE(Errores!F2:F13) -> 0.001079763 | D2: =IF(C2<=0.1, "Alta", IF(C2<=0.2, "Media", "Baja")) -> Alta
A3: SKU-B202 | B3: =AVERAGE(Errores!E14:E25) -> 6.6579254 | C3: =AVERAGE(Errores!F14:F25) -> 0.036643815 | D3: =IF(C3<=0.1, "Alta", IF(C3<=0.2, "Media", "Baja")) -> Alta
A4: SKU-C303 | B4: =AVERAGE(Errores!E26:E37) -> 59.65035 | C4: =AVERAGE(Errores!F26:F37) -> 0.12839159 | D4: =IF(C4<=0.1, "Alta", IF(C4<=0.2, "Media", "Baja")) -> Media
A5: SKU-D404 | B5: =AVERAGE(Errores!E38:E49) -> 1.3364413 | C5: =AVERAGE(Errores!F38:F49) -> 0.0012353344 | D5: =IF(C5<=0.1, "Alta", IF(C5<=0.2, "Media", "Baja")) -> Alta
A6: SKU-E505 | B6: =AVERAGE(Errores!E50:E61) -> 5.1503497 | C6: =AVERAGE(Errores!F50:F61) -> 0.014731804 | D6: =IF(C6<=0.1, "Alta", IF(C6<=0.2, "Media", "Baja")) -> Alta
